{
    "Linear_Regression": {
        "MAE": 1.640452124964762,
        "MSE": 4.539214530694192,
        "RMSE": 2.1305432477878012,
        "R2": 0.9933373202937479,
        "MAPE": 2.6946049176812696,
        "Train_R2": 0.9932098238622596
    },
    "Random_Forest": {
        "MAE": 2.712929304175458,
        "MSE": 11.760668168729161,
        "RMSE": 3.4293830594917742,
        "R2": 0.982737637842428,
        "MAPE": 4.29462833369896,
        "Train_R2": 0.997591524660253
    },
    "XGBoost": {
        "MAE": 2.470980400740001,
        "MSE": 9.985303168593864,
        "RMSE": 3.1599530326563183,
        "R2": 0.9853435266537203,
        "MAPE": 4.037278691729485,
        "Train_R2": 0.9999985404010773
    },
    "LightGBM": {
        "MAE": 2.0628681886452322,
        "MSE": 7.482838392626439,
        "RMSE": 2.735477726582039,
        "R2": 0.9890166558186243,
        "MAPE": 3.2619029780428375,
        "Train_R2": 0.9993399288416729
    }
}